748596163770319019;Transphobic/Homophobic sickness.
193835384898060288;Transphobic/Homophobic sickness.
317980488138489866;Transphobic/Homophobic sickness.
393049601638400022;Transphobic/Homophobic sickness.
668891462548717590;Transphobic/Homophobic sickness.
883708115919450192;Transphobic/Homophobic sickness.
598083013141594157;Transphobic/Homophobic sickness.
767283637649408011;Transphobic/Homophobic sickness.
851518844190588958;Transphobic/Homophobic sickness.
733246910143529010;Transphobic/Homophobic sickness.
386899084067471364;Transphobic/Homophobic sickness.
739024555745738823;Transphobic/Homophobic sickness.
299939861975007242;Transphobic/Homophobic sickness.
551919640620695562;Transphobic/Homophobic sickness.
258264995488333825;Transphobic/Homophobic sickness.
961313019537797140;Transphobic/Homophobic sickness.
743842825543876708;Transphobic/Homophobic sickness.
1105623340003110952;Transphobic/Homophobic sickness.
988955635611746354;Transphobic/Homophobic sickness.
784344996723163147;Transphobic/Homophobic sickness.
606824191827771393;Transphobic/Homophobic sickness.
269098817557757954;Transphobic/Homophobic sickness.
1065668470370484334;Transphobic/Homophobic sickness.
323083900316286976;Transphobic/Homophobic sickness.
330998538886578177;Transphobic/Homophobic sickness.
1060614828693139590;Transphobic/Homophobic sickness.
946140201326096505;Transphobic/Homophobic sickness.
782789420436684811;Transphobic/Homophobic sickness.
354347254892724226;Transphobic/Homophobic sickness.
643987728853237760;Transphobic/Homophobic sickness.
928588695081197619;Transphobic/Homophobic sickness.
892048682550190111;Transphobic/Homophobic sickness.
1106782770103058533;Transphobic/Homophobic sickness.
360868994179399682;Transphobic/Homophobic sickness.
308641049822363658;Transphobic/Homophobic sickness.
793917158261784616;Transphobic/Homophobic sickness.
967414690785419294;Transphobic/Homophobic sickness.
809694241054785546;Transphobic/Homophobic sickness.
408336861489135617;Transphobic/Homophobic sickness.
741544269763837983;Transphobic/Homophobic sickness.
448494556837576704;Transphobic/Homophobic sickness.
732276730873643022;Transphobic/Homophobic sickness.
607965500604940300;Transphobic/Homophobic sickness.
762714405636407366;Transphobic/Homophobic sickness.
681913044686995690;Transphobic/Homophobic sickness.
815628018264834107;Transphobic/Homophobic sickness.
714941772836503593;Transphobic/Homophobic sickness.
913642308308709376;Transphobic/Homophobic sickness.
914277635029360700;Transphobic/Homophobic sickness.
328431508962672640;Transphobic/Homophobic sickness.
972115302445891655;Transphobic/Homophobic sickness.
1133924608945434625;Transphobic/Homophobic sickness.
825304741528731698;Transphobic/Homophobic sickness.
1099077674556723350;Transphobic/Homophobic sickness.
304667352660967424;Transphobic/Homophobic sickness.
956636798661038121;Transphobic/Homophobic sickness.
694561880273977404;Transphobic/Homophobic sickness.
1045385500141289503;Transphobic/Homophobic sickness.
983585540098117693;Transphobic/Homophobic sickness.
1142805036150300712;Transphobic/Homophobic sickness.
764847858432081930;Transphobic/Homophobic sickness.
752237995985207377;Transphobic/Homophobic sickness.
1127373401443545088;Transphobic/Homophobic sickness.
591905166383382529;Transphobic/Homophobic sickness.
1122485562792759408;Transphobic/Homophobic sickness.
975799481826152458;Transphobic/Homophobic sickness.
830444588761088020;Transphobic/Homophobic sickness.
1005845471614488686;Transphobic/Homophobic sickness.
381483666729336836;Transphobic/Homophobic sickness.
776486436236165140;Transphobic/Homophobic sickness.
698432532638859325;Transphobic/Homophobic sickness.
530059839142100992;Transphobic/Homophobic sickness.
319960903611318292;Transphobic/Homophobic sickness.
995014322885496905;Transphobic/Homophobic sickness.
484440591824977962;Transphobic/Homophobic sickness.
176462715907211264;Transphobic/Homophobic sickness.
718360205313703997;Transphobic/Homophobic sickness.
677255307461787689;Transphobic/Homophobic sickness.
940460018657001563;Transphobic/Homophobic sickness.
693816962345599046;Transphobic/Homophobic sickness.
871135067861303376;Transphobic/Homophobic sickness.
685122898020663308;Transphobic/Homophobic sickness.
653108453572608001;Transphobic/Homophobic sickness.
1106563486865178716;Transphobic/Homophobic sickness.
378207901539631107;Transphobic/Homophobic sickness.
971119139185909822;Transphobic/Homophobic sickness.
795406760487682048;Transphobic/Homophobic sickness.
1094404995291553874;Transphobic/Homophobic sickness.
1091746387353407528;Transphobic/Homophobic sickness.
303632845870596106;Transphobic/Homophobic sickness.
534341544337997834;Transphobic/Homophobic sickness.
1077938241577164921;Transphobic/Homophobic sickness.
896467767576887327;Transphobic/Homophobic sickness.
906377552594096128;Transphobic/Homophobic sickness.
663748157112451085;Transphobic/Homophobic sickness.
510304852950253568;Transphobic/Homophobic sickness.
554886205989191682;Transphobic/Homophobic sickness.
619212279686234133;Transphobic/Homophobic sickness.
668196983193993243;Transphobic/Homophobic sickness.
991514571674239076;Transphobic/Homophobic sickness.
1147129682488217622;Transphobic/Homophobic sickness.
238389246124097538;Transphobic/Homophobic sickness.
1055585123824828489;Transphobic/Homophobic sickness.
895290307913084969;Transphobic/Homophobic sickness.
1111467204244946964;Transphobic/Homophobic sickness.
1026787595339968593;Transphobic/Homophobic sickness.
851528737996800030;Transphobic/Homophobic sickness.
654162778696712195;Transphobic/Homophobic sickness.
665170492982034483;Transphobic/Homophobic sickness.
341264395600658445;Transphobic/Homophobic sickness.
716729720250564678;Transphobic/Homophobic sickness.
983065897327542304;Transphobic/Homophobic sickness.
463489383442546709;Transphobic/Homophobic sickness.
1002759012829384816;Transphobic/Homophobic sickness.
729289088242548756;Transphobic/Homophobic sickness.
724717764866080768;Transphobic/Homophobic sickness.
774701235261407233;Transphobic/Homophobic sickness.
1129284322923388999;Transphobic/Homophobic sickness.
1114082192793014344;Transphobic/Homophobic sickness.
293518260987494407;Transphobic/Homophobic sickness.
818981111408885793;Transphobic/Homophobic sickness.
495450043034370049;Transphobic/Homophobic sickness.
952177255105310730;Transphobic/Homophobic sickness.
341024240457482240;Transphobic/Homophobic sickness.
944958419532669041;Transphobic/Homophobic sickness.
731259929393889300;Transphobic/Homophobic sickness.
774320979806519296;Transphobic/Homophobic sickness.
450012669651714068;Transphobic/Homophobic sickness.
751812438353117234;Transphobic/Homophobic sickness.
1060602505068810272;Transphobic/Homophobic sickness.
693134098612486194;Transphobic/Homophobic sickness.
458608790875537429;Transphobic/Homophobic sickness.
723955335647461467;Transphobic/Homophobic sickness.
912485825109983252;Transphobic/Homophobic sickness.
667725287466991650;Transphobic/Homophobic sickness.
1115847535874035853;Transphobic/Homophobic sickness.
612773777188847618;Transphobic/Homophobic sickness.
618903714287190058;Transphobic/Homophobic sickness.
1191450598944559164;Transphobic/Homophobic sickness.
1135652315500642334;Transphobic/Homophobic sickness.
957403343033094244;Transphobic/Homophobic sickness.
457075312849584128;Transphobic/Homophobic sickness.
806300529117888513;Transphobic/Homophobic sickness.
935136496443347024;Transphobic/Homophobic sickness.
785580106491887626;Transphobic/Homophobic sickness.
989915510491729930;Transphobic/Homophobic sickness.
696773883176550491;Transphobic/Homophobic sickness.
1117948563469647905;Transphobic/Homophobic sickness.
913178047358832650;Transphobic/Homophobic sickness.
1083856980986298510;Transphobic/Homophobic sickness.
702759326535647243;Transphobic/Homophobic sickness.
1119349949633663036;Transphobic/Homophobic sickness.
619085396520861696;Transphobic/Homophobic sickness.
634835929680576600;Transphobic/Homophobic sickness.
381867882276978699;Transphobic/Homophobic sickness.
210576778316480512;Transphobic/Homophobic sickness.
1132490380722581625;Transphobic/Homophobic sickness.
1057584693819736084;Transphobic/Homophobic sickness.
440808240129900554;Transphobic/Homophobic sickness.
665719108108812331;Transphobic/Homophobic sickness.
679772892992372738;Transphobic/Homophobic sickness.
655726839855054868;Transphobic/Homophobic sickness.
232960256727056386;Transphobic/Homophobic sickness.
789517610420666409;Transphobic/Homophobic sickness.
447595698989563905;Transphobic/Homophobic sickness.
409394563388669953;Transphobic/Homophobic sickness.
1147985776810926131;Transphobic/Homophobic sickness.
744348695671078985;Transphobic/Homophobic sickness.
878007629987864586;Transphobic/Homophobic sickness.
782576409972834304;Transphobic/Homophobic sickness.
985677130690093057;Transphobic/Homophobic sickness.
504684136921825311;Transphobic/Homophobic sickness.
829603923354058772;Transphobic/Homophobic sickness.
680544779100356652;Transphobic/Homophobic sickness.
334707021674840084;Transphobic/Homophobic sickness.
804752793797263371;Transphobic/Homophobic sickness.
526230330378551318;Transphobic/Homophobic sickness.
394558450438373379;Transphobic/Homophobic sickness.
643175259410792479;Transphobic/Homophobic sickness.
257216042705747969;Transphobic/Homophobic sickness.
1084618286530056262;Transphobic/Homophobic sickness.
888924829766524969;Transphobic/Homophobic sickness.
729706736436379662;Transphobic/Homophobic sickness.
559649118729797632;Transphobic/Homophobic sickness.
893183449437982720;Transphobic/Homophobic sickness.
709744546862596096;Transphobic/Homophobic sickness.
444601748791754762;Transphobic/Homophobic sickness.
455739450794704899;Transphobic/Homophobic sickness.
1109488746593783909;Transphobic/Homophobic sickness.
998665560952946778;Transphobic/Homophobic sickness.
793199436435292203;Transphobic/Homophobic sickness.
535951655707869188;Transphobic/Homophobic sickness.
1055882571889786910;Transphobic/Homophobic sickness.
666974888854159370;Transphobic/Homophobic sickness.
774931797054062592;Transphobic/Homophobic sickness.
319018868129398785;Transphobic/Homophobic sickness.
1021363412678213642;Transphobic/Homophobic sickness.
606830410659397642;Transphobic/Homophobic sickness.
689605595526987782;Transphobic/Homophobic sickness.
873249116694667314;Transphobic/Homophobic sickness.
815661780327333908;Transphobic/Homophobic sickness.
982756802074673222;Transphobic/Homophobic sickness.
738885452681052282;Transphobic/Homophobic sickness.
1033720126698160189;Transphobic/Homophobic sickness.
713119311039955024;Transphobic/Homophobic sickness.
964256996482220032;Transphobic/Homophobic sickness.
822511733955362886;Transphobic/Homophobic sickness.
951960680054005830;Transphobic/Homophobic sickness.
794295074837626880;Transphobic/Homophobic sickness.
333663372996509700;Transphobic/Homophobic sickness.
681665672744534099;Transphobic/Homophobic sickness.
490658711585685537;Transphobic/Homophobic sickness.
511704285000499211;Transphobic/Homophobic sickness.
768574131569557534;Transphobic/Homophobic sickness.
581549027166781467;Transphobic/Homophobic sickness.
996568694782169178;Transphobic/Homophobic sickness.
695671904220217504;Transphobic/Homophobic sickness.
887440690395643967;Transphobic/Homophobic sickness.
496057281876590593;Transphobic/Homophobic sickness.
1062538703014215730;Transphobic/Homophobic sickness.
932309209113063514;Transphobic/Homophobic sickness.
317921267896549376;Transphobic/Homophobic sickness.
1137105935794446386;Transphobic/Homophobic sickness.
519234306187591693;Transphobic/Homophobic sickness.
931981527942852708;Transphobic/Homophobic sickness.
1052917510141399050;Transphobic/Homophobic sickness.
516775201057275919;Transphobic/Homophobic sickness.
795670551981064202;Transphobic/Homophobic sickness.
253643124285374464;Transphobic/Homophobic sickness.
1085930340817850448;Transphobic/Homophobic sickness.
588646125033095170;Transphobic/Homophobic sickness.
1084885144084697229;Transphobic/Homophobic sickness.
424554996378370049;Transphobic/Homophobic sickness.
1164277424939343937;Transphobic/Homophobic sickness.
1060783750025318421;Transphobic/Homophobic sickness.
892804176470487082;Transphobic/Homophobic sickness.
378478529400274945;Transphobic/Homophobic sickness.
824376764100116521;Transphobic/Homophobic sickness.
548595175329628194;Transphobic/Homophobic sickness.
206955178585358338;Transphobic/Homophobic sickness.
514978077030350848;Transphobic/Homophobic sickness.
608995173849890826;Transphobic/Homophobic sickness.
774576029750525952;Transphobic/Homophobic sickness.
504429338200899595;Transphobic/Homophobic sickness.
1018711755649712159;Transphobic/Homophobic sickness.
619504886807003164;Transphobic/Homophobic sickness.
830793121524219944;Transphobic/Homophobic sickness.
1036845940314755092;Transphobic/Homophobic sickness.
901871549953503352;Transphobic/Homophobic sickness.
804503412275937370;Transphobic/Homophobic sickness.
246391621547982848;Transphobic/Homophobic sickness.
894915391606890526;Transphobic/Homophobic sickness.
900020855805972530;Transphobic/Homophobic sickness.
259827807054462977;Zenbooda and/or referencing zenbooda in front of mldkyt.
1139261731177240000;Zenbooda and/or referencing zenbooda in front of mldkyt.
880847711958626344;Zenbooda and/or referencing zenbooda in front of mldkyt.
1071438718390509578;Zenbooda and/or referencing zenbooda in front of mldkyt.
621752407382163456;Zenbooda and/or referencing zenbooda in front of mldkyt.
997597176114974770;Zenbooda and/or referencing zenbooda in front of mldkyt.
394433437546708992;Zenbooda and/or referencing zenbooda in front of mldkyt.
942469404116025375;Zenbooda and/or referencing zenbooda in front of mldkyt.
635137741440417802;Transphobic/Homophobic sickness.
